"fact_id","module_id","scope","municipality_ibge_code","approved_message_function","approved_fact","source_ids","period","territorial_lens","unit","calculation_or_status","semantic_limit","publication_allowed_now"
"H1-REGION-ALL-CRECHE-2014-2025","H1_DEMOGRAFIA_DEMANDA_OFERTA","region","","contrastar ritmos por etapa","Matrículas de creche no Vale: 13943 para 19617; população compatível: 47666 para 39225","SESI_POPULACAO_IDADE|SESI_CENSO_ESCOLAR_AGREGADO|JOB3_CANDIDATE_FACTS","2014-2025","resident_population|school_location","count|fraction","enrollment_relative_change=0.4069425518181166; population_relative_change=-0.17708639281668276","relação entre lentes não é taxa individual","false"
"H1-REGION-ALL-PRESCHOOL-2014-2025","H1_DEMOGRAFIA_DEMANDA_OFERTA","region","","contrastar ritmos por etapa","Matrículas de pré-escola no Vale: 17251 para 20716; população compatível: 22824 para 21436","SESI_POPULACAO_IDADE|SESI_CENSO_ESCOLAR_AGREGADO|JOB3_CANDIDATE_FACTS","2014-2025","resident_population|school_location","count|fraction","enrollment_relative_change=0.2008579212799258; population_relative_change=-0.06081317910970908","janela 2014-2025 não se combina com 2015-2025","false"
"H1-REGION-ALL-FUNDAMENTAL-2014-2025","H1_DEMOGRAFIA_DEMANDA_OFERTA","region","","estabelecer direção regional do fundamental","Matrículas do fundamental no Vale: 117469 para 104328","SESI_CENSO_ESCOLAR_AGREGADO|JOB3_CANDIDATE_FACTS","2014-2025","school_location","count|fraction","enrollment_relative_change=-0.11186781193336114","não recomenda decisão automática sobre escolas","false"
"H1-REGION-ALL-HIGH_SCHOOL-2014-2025","H1_DEMOGRAFIA_DEMANDA_OFERTA","region","","estabelecer direção regional do médio","Matrículas do médio no Vale: 31789 para 26911","SESI_CENSO_ESCOLAR_AGREGADO|JOB3_CANDIDATE_FACTS","2014-2025","school_location","count|fraction","enrollment_relative_change=-0.15344930636383655","sem atribuição por dependência","false"
"H1-MUNICIPALITY-4313375-FUNDAMENTAL-2014-2025","H1_DEMOGRAFIA_DEMANDA_OFERTA","municipality","4313375","mostrar diferença municipal útil","Matrículas do fundamental em Nova Santa Rita: 3873 para 3957; população compatível: 3709 para 4073","SESI_POPULACAO_IDADE|SESI_CENSO_ESCOLAR_AGREGADO|JOB3_CANDIDATE_FACTS","2014-2025","resident_population|school_location","count|fraction","enrollment_relative_change=0.021688613477924088; population_relative_change=0.09813966028579132","universos não são as mesmas pessoas","false"
"H1-MUNICIPALITY-4313375-HIGH_SCHOOL-2014-2025","H1_DEMOGRAFIA_DEMANDA_OFERTA","municipality","4313375","mostrar diferença municipal útil","Matrículas do médio em Nova Santa Rita: 799 para 840; população 15-17: 1269 para 1253","SESI_POPULACAO_IDADE|SESI_CENSO_ESCOLAR_AGREGADO|JOB3_CANDIDATE_FACTS","2014-2025","resident_population|school_location","count|fraction","enrollment_relative_change=0.05131414267834793; population_relative_change=-0.01260835303388495","sem causalidade e sem taxa individual","false"
"H4-REGION-FUNDAMENTAL-2022","H4_EJA_DISTRIBUICAO_OFERTA","region","","definir universo regional por etapa","Vale: público sem fundamental concluído=221260; matrículas EJA fundamental=5528","SESI_CENSO_2022_ESCOLARIDADE_ADULTA|SESI_EJA_CENSO_ESCOLAR|JOB2C_EJA","2022","resident_population|school_location","count","matriculas_por_mil=24.984182","medida distributiva, não individual","false"
"H4-REGION-HIGH_SCHOOL-2022","H4_EJA_DISTRIBUICAO_OFERTA","region","","definir universo regional por etapa","Vale: público com fundamental e sem médio concluído=127367; matrículas EJA médio=9251","SESI_CENSO_2022_ESCOLARIDADE_ADULTA|SESI_EJA_CENSO_ESCOLAR|JOB2C_EJA","2022","resident_population|school_location","count","matriculas_por_mil=72.632629","fundamental e médio permanecem separados","false"
"H4-MUN-4313375-FUNDAMENTAL-2022","H4_EJA_DISTRIBUICAO_OFERTA","municipality","4313375","mostrar participação das matrículas acima da participação do público no fundamental","Público=6068; matrículas=298; participação público=0.0274247491638796; participação matrículas=0.0539073806078147","SESI_CENSO_2022_ESCOLARIDADE_ADULTA|SESI_EJA_CENSO_ESCOLAR|JOB3_CANDIDATE_FACTS|C9_POS_JOB3","2022","resident_population|school_location","count|fraction_0_1","diferenca_distribuicao=0.0264826314439351","não unificar com o médio","false"
"H4-MUN-4313375-HIGH_SCHOOL-2022","H4_EJA_DISTRIBUICAO_OFERTA","municipality","4313375","mostrar participação das matrículas abaixo da participação do público no médio","Público=4447; matrículas=82; participação público=0.0349148523557907; participação matrículas=0.0088639066046913","SESI_CENSO_2022_ESCOLARIDADE_ADULTA|SESI_EJA_CENSO_ESCOLAR|JOB3_CANDIDATE_FACTS|C9_POS_JOB3","2022","resident_population|school_location","count|fraction_0_1","diferenca_distribuicao=-0.0260509457510993","não unificar com o fundamental","false"
"A3-REGION-OCCUPATIONS-2019-2025","A3_OCUPACOES_FORMACAO","region","","nomear movimentos ocupacionais líquidos","Escriturários: 33704 para 39635; técnicos de ciências físicas, químicas e engenharia: 6232 para 8103; trabalhadores têxteis, curtimento, vestuário e artes gráficas: 21748 para 18843","CEI_RAIS_OCUPACOES|JOB2D_OCUPACOES_FORMACAO|JOB4A_DOSSIE_A3","2019-2025","workplace_municipality","active_bonds","movimentos líquidos +5931, +1871 e -2905","não classificar como mudança sustentada","false"
"A3-REGION-BRIDGE-COVERAGE-2025","A3_OCUPACOES_FORMACAO","region","","delimitar composição e cobertura da ponte","44 cursos e 13945 matrículas; 39 cursos e 12664 matrículas mapeados; 5 cursos e 1281 matrículas não mapeados","CENSO_ESCOLAR_CURSOS_TECNICOS|CNCT_CBO_BRIDGE_V1|JOB2D_OCUPACOES_FORMACAO|JOB4A_DOSSIE_A3","2025","school_location","count|fraction","mapped_enrollment_share=0.9081391179634277","ponte parcial, normativa e não aditiva","false"
"A3-MUN-4313375-2019-2025","A3_OCUPACOES_FORMACAO","municipality","4313375","delimitar mudança do estoque formal local","Vínculos RAIS por estabelecimento: 8473 para 11591","CEI_RAIS_OCUPACOES|JOB3_CANDIDATE_FACTS|JOB4A_DOSSIE_A3","2019-2025","workplace_municipality","active_bonds|fraction","relative_change=0.3679924465950667","não representa emprego dos residentes","false"
"A3-MUN-4313375-LOGISTICA-2019-2025","A3_OCUPACOES_FORMACAO","municipality","4313375","dar concretude ocupacional à questão de articulação","Motorista de caminhão 941 para 1193; auxiliar de logística 17 para 722; conferente de carga e descarga 202 para 385; operador de empilhadeira 115 para 292","CEI_RAIS_OCUPACOES|JOB4A_DOSSIE_A3","2019-2025","workplace_municipality","active_bonds","movimento líquido observado por ocupação","não ligar automaticamente a curso ou pessoa","false"
"JOB5A_A4-VALE-TOTAL-2022","A4_MOBILIDADE_COORDENACAO","region","","definir fotografia regional total","33868 de 229441 residentes estudantes estudavam fora","R6_MOBILIDADE_EDUCACIONAL_2022|JOB2E_MOBILIDADE|JOB5A_A4_FACTUAL_MATRIX","2022","student_residence","students|percent","outside_share_percent=14.761093265806895; destination_available=false","estudar fora não é problema em si","false"
"JOB5A_A4-VALE-FUNDAMENTAL-2022","A4_MOBILIDADE_COORDENACAO","region","","definir fotografia regional do fundamental","7507 de 107060 residentes estudantes do fundamental estudavam fora","R6_MOBILIDADE_EDUCACIONAL_2022|JOB2E_MOBILIDADE|JOB5A_A4_FACTUAL_MATRIX","2022","student_residence","students|percent","outside_share_percent=7.01195591257239; destination_available=false","sem destino, rota ou receptor","false"
"JOB5A_A4-VALE-MEDIO-2022","A4_MOBILIDADE_COORDENACAO","region","","definir fotografia regional do médio","5812 de 38516 residentes estudantes do médio estudavam fora","R6_MOBILIDADE_EDUCACIONAL_2022|JOB2E_MOBILIDADE|JOB5A_A4_FACTUAL_MATRIX","2022","student_residence","students|percent","outside_share_percent=15.089832796759788; destination_available=false","sem destino, vaga ou capacidade","false"
"JOB5A_A4-4313375-TOTAL-2022","A4_MOBILIDADE_COORDENACAO","municipality","4313375","mostrar contraste municipal total","1349 de 7666 residentes estudantes estudavam fora; Vale=14.761093265806895%; RS=8.81484168915293%","R6_MOBILIDADE_EDUCACIONAL_2022|JOB5A_A4_FACTUAL_MATRIX","2022","student_residence","students|percent","outside_share_percent=17.5971823636838","sem inferir destino","false"
"JOB5A_A4-4313375-FUNDAMENTAL-2022","A4_MOBILIDADE_COORDENACAO","municipality","4313375","mostrar contraste municipal do fundamental","355 de 4090 residentes estudantes do fundamental estudavam fora; Vale=7.01195591257239%; RS=3.3018410814228547%","R6_MOBILIDADE_EDUCACIONAL_2022|JOB5A_A4_FACTUAL_MATRIX","2022","student_residence","students|percent","outside_share_percent=8.679706601466993","transporte apenas como contexto","false"
"JOB5A_A4-4313375-MEDIO-2022","A4_MOBILIDADE_COORDENACAO","municipality","4313375","mostrar contraste municipal do médio","220 de 1151 residentes estudantes do médio estudavam fora; Vale=15.089832796759788%; RS=8.2202237766851%","R6_MOBILIDADE_EDUCACIONAL_2022|JOB5A_A4_FACTUAL_MATRIX","2022","student_residence","students|percent","outside_share_percent=19.11381407471764","sem inferir escola receptora ou ente responsável","false"
